,ID,SMILES,Cleaned_SMILES,Assay,Assay_Parameter,Operator,Value,Units,Label
0,BRD-K09037111-001-01-2,BrC1=NC(NC([C@H]2[C@H](/C=C(C)/C)C2(C)C)=O)=CC=C1C3=NC(CN(C)C)=NO3,CC(C)=CC1C(C(=O)Nc2ccc(-c3nc(CN(C)C)no3)c(Br)n2)C1(C)C,Mouse liver microsomal stability,MLM Clint(mic),=,1304.0,uL/min/mg,1
1,BRD-K97950969-001-01-2,BrC1=NC(NC([C@H]2[C@H](/C=C(Cl)/C(F)(F)F)C2(C)C)=O)=CC=C1C3=NC=CC=N3,CC1(C)C(C=C(Cl)C(F)(F)F)C1C(=O)Nc1ccc(-c2ncccn2)c(Br)n1,Mouse liver microsomal stability,MLM Clint(mic),=,701.0,uL/min/mg,1
2,BRD-K10202702-001-01-4,BrC1=NC(NC([C@H]2[C@H](/C=C(C)/C)C2(C)C)=O)=CC=C1C3=NC(CO)=CO3,CC(C)=CC1C(C(=O)Nc2ccc(-c3nc(CO)co3)c(Br)n2)C1(C)C,Mouse liver microsomal stability,MLM Clint(mic),=,553.0,uL/min/mg,1
3,BRD-K50733302-001-01-3,BrC1=NC(NC([C@H]2[C@H](/C=C(Cl)/Cl)C2(C)C)=O)=CC=C1C3=NC=CC=N3,CC1(C)C(C=C(Cl)Cl)C1C(=O)Nc1ccc(-c2ncccn2)c(Br)n1,Mouse liver microsomal stability,MLM Clint(mic),=,448.0,uL/min/mg,1
4,GDI13-073,O=C(NC1=CC=C(C(Br)=N1)C2=NC(C)=NO2)[C@@H]3C(C)([C@H]3C4=NC=CN4CC)C.O=C(NC5=CC=C(C(Br)=N5)C6=NC(C)=NO6)[C@H]7C(C)([C@@H]7C8=NC=CN8CC)C,CCn1ccnc1C1C(C(=O)Nc2ccc(-c3nc(C)no3)c(Br)n2)C1(C)C,Mouse liver microsomal stability,MLM Clint(mic),=,366.0,uL/min/mg,1
5,GDI13-062,O=C(NC(N=C1Br)=CC=C1C2=NNC=C2)[C@H]3[C@@H](C(C)3C)C4=C(CC)C=CC=N4.O=C(NC(N=C5Br)=CC=C5C6=NNC=C6)[C@@H]7[C@H](C(C)7C)C8=C(CC)C=CC=N8,CCc1cccnc1C1C(C(=O)Nc2ccc(-c3cc[nH]n3)c(Br)n2)C1(C)C,Mouse liver microsomal stability,MLM Clint(mic),=,355.0,uL/min/mg,1
6,BRD-K12679560-001-01-2,BrC1=NC(NC([C@H]2[C@H](/C=C(C)/C)C2(C)C)=O)=CC=C1C3=NC(CNCCO)=NO3,CC(C)=CC1C(C(=O)Nc2ccc(-c3nc(CNCCO)no3)c(Br)n2)C1(C)C,Mouse liver microsomal stability,MLM Clint(mic),=,326.0,uL/min/mg,1
7,GDI13-018,O=C(NC1=CC=CC([N+]([O-])=O)=N1)[C@@H]2C([C@H]2/C=C(C)\C)(C)C.O=C(NC3=CC=CC([N+]([O-])=O)=N3)[C@H]4C([C@@H]4/C=C(C)\C)(C)C,CC(C)=CC1C(C(=O)Nc2cccc([N+](=O)[O-])n2)C1(C)C,Mouse liver microsomal stability,MLM Clint(mic),=,324.0,uL/min/mg,1
8,GDI13-008,CC1([C@H]([C@@H]1/C=C(C)\C)C(NC2=CC=C(C(Br)=N2)C3=NN(C=C3)C)=O)C.CC4([C@@H]([C@H]4/C=C(C)\C)C(NC5=CC=C(C(Br)=N5)C6=NN(C=C6)C)=O)C,CC(C)=CC1C(C(=O)Nc2ccc(-c3ccn(C)n3)c(Br)n2)C1(C)C,Mouse liver microsomal stability,MLM Clint(mic),=,313.0,uL/min/mg,1
9,GDI13-560,O=C(NC1=CC=C(N2N=CC(CCN3CCOCC3)=C2)C(C(F)(F)F)=N1)[C@H](C4(C)C)[C@@H]4C5=NC=C(F)C=N5,CC1(C)C(C(=O)Nc2ccc(-n3cc(CCN4CCOCC4)cn3)c(C(F)(F)F)n2)C1c1ncc(F)cn1,Mouse liver microsomal stability,MLM Clint(mic),=,298.0,uL/min/mg,1
10,GDI13-258,O=C(NC1=CC=C(CCC2)C2=N1)[C@H](C3(C)C)[C@@H]3C4=CC=C(F)C=N4.O=C(NC5=CC=C(CCC6)C6=N5)[C@@H](C7(C)C)[C@H]7C8=CC=C(F)C=N8,CC1(C)C(C(=O)Nc2ccc3c(n2)CCC3)C1c1ccc(F)cn1,Mouse liver microsomal stability,MLM Clint(mic),=,290.0,uL/min/mg,1
11,BRD-K69178640-001-02-9,O=C([C@H](C1(C)C)[C@@H]1/C=C(C)/C)NC2=CC=C(C3=NC=CC=N3)C(Br)=N2,CC(C)=CC1C(C(=O)Nc2ccc(-c3ncccn3)c(Br)n2)C1(C)C,Mouse liver microsomal stability,MLM Clint(mic),=,278.0,uL/min/mg,1
12,GDI13-090,CC(C)([C@H]1C(NC2=CC=C3C(C=CC=C3)=N2)=O)[C@H]1/C([H])=C(C)\C.CC(C)([C@@H]4C(NC5=CC=C6C(C=CC=C6)=N5)=O)[C@@H]4/C([H])=C(C)\C,CC(C)=CC1C(C(=O)Nc2ccc3ccccc3n2)C1(C)C,Mouse liver microsomal stability,MLM Clint(mic),=,268.0,uL/min/mg,1
13,GDI13-102,C/C(C)=C/[C@H]1[C@H](C(NC2=CC=C(N3C=CC(CCO)=N3)C(Br)=N2)=O)C1(C)C,CC(C)=CC1C(C(=O)Nc2ccc(-n3ccc(CCO)n3)c(Br)n2)C1(C)C,Mouse liver microsomal stability,MLM Clint(mic),=,246.0,uL/min/mg,1
14,BRD-K27396267-001-01-2,O=C([C@H](C1(C)C)[C@@H]1/C=C(C)\C)NC2=CC=C(N(C)C)C(Br)=N2,CC(C)=CC1C(C(=O)Nc2ccc(N(C)C)c(Br)n2)C1(C)C,Mouse liver microsomal stability,MLM Clint(mic),=,245.0,uL/min/mg,1
15,GDI13-041,O=C(NC1=CC=CC(OC(F)(F)F)=N1)[C@@H]2C([C@H]2/C=C(C)\C)(C)C.O=C(NC3=CC=CC(OC(F)(F)F)=N3)[C@H]4C([C@@H]4/C=C(C)\C)(C)C,CC(C)=CC1C(C(=O)Nc2cccc(OC(F)(F)F)n2)C1(C)C,Mouse liver microsomal stability,MLM Clint(mic),=,241.0,uL/min/mg,1
16,"S,S-GDI13-337",O=C([C@@H]([C@@H]1C2=NC=C(C=N2)F)C1(C)C)NC3=CC=C(OCC)C(C(F)(F)F)=N3,CCOc1ccc(NC(=O)C2C(c3ncc(F)cn3)C2(C)C)nc1C(F)(F)F,Mouse liver microsomal stability,MLM Clint(mic),=,230.9,uL/min/mg,1
17,GDI13-362,O=C([C@@H]([C@@H]1C2=CC=C(C=N2)F)C1(C)C)NC3=CC=C(OCC)C(C(F)(F)F)=N3,CCOc1ccc(NC(=O)C2C(c3ccc(F)cn3)C2(C)C)nc1C(F)(F)F,Mouse liver microsomal stability,MLM Clint(mic),=,207.0,uL/min/mg,1
18,BRD-K26512723-001-01-3,BrC1=NC(NC([C@H]2[C@H](/C=C(C)/C)C2(C)C)=O)=CC=C1C3=NC(CNCC(F)F)=NO3,CC(C)=CC1C(C(=O)Nc2ccc(-c3nc(CNCC(F)F)no3)c(Br)n2)C1(C)C,Mouse liver microsomal stability,MLM Clint(mic),=,205.0,uL/min/mg,1
19,BRD-K12318274-001-01-4,BrC1=NC(NC([C@H]2[C@H](/C=C(C)/C)C2(C)C)=O)=CC=C1C3=NC(CNCC(F)(F)F)=NO3,CC(C)=CC1C(C(=O)Nc2ccc(-c3nc(CNCC(F)(F)F)no3)c(Br)n2)C1(C)C,Mouse liver microsomal stability,MLM Clint(mic),=,198.0,uL/min/mg,1
20,BRD-K82817158-001-02-9,O=C([C@H](C1(C)C)[C@@H]1/C=C(C)/C)NC2=CC=C(C3=NC(C)=CO3)C(Br)=N2,CC(C)=CC1C(C(=O)Nc2ccc(-c3nc(C)co3)c(Br)n2)C1(C)C,Mouse liver microsomal stability,MLM Clint(mic),=,196.0,uL/min/mg,1
21,GDI13-003,CC1([C@H]([C@@H]1C2=C(C=CC=N2)C)C(NC3=CC=C(C(Br)=N3)C4=NC(C)=NO4)=O)C.CC5([C@@H]([C@H]5C6=C(C=CC=N6)C)C(NC7=CC=C(C(Br)=N7)C8=NC(C)=NO8)=O)C,Cc1noc(-c2ccc(NC(=O)C3C(c4ncccc4C)C3(C)C)nc2Br)n1,Mouse liver microsomal stability,MLM Clint(mic),=,189.0,uL/min/mg,1
22,GDI13-546,FC1=CC(N(C)CCOC)=CC2=CC=C(NC([C@H](C3(C)C)[C@@H]3C4=NC=C(F)C=N4)=O)N=C21,COCCN(C)c1cc(F)c2nc(NC(=O)C3C(c4ncc(F)cn4)C3(C)C)ccc2c1,Mouse liver microsomal stability,MLM Clint(mic),=,187.0,uL/min/mg,1
23,GDI13-460B,O=C([C@@H]([C@@H]1C2=NC=C(C=N2)F)C1(C)C)NC3=CC=C(C=C(OC[C@H]4CCCO4)C=C5F)C5=N3,CC1(C)C(C(=O)Nc2ccc3cc(OCC4CCCO4)cc(F)c3n2)C1c1ncc(F)cn1,Mouse liver microsomal stability,MLM Clint(mic),=,163.0,uL/min/mg,1
24,GDI13-064,C/C(C)=C/[C@H]1[C@@H](C1(C)C)C(NC2=CC=C(C(Br)=N2)N3C=CC=N3)=O.C/C(C)=C/[C@@H]4[C@H](C4(C)C)C(NC5=CC=C(C(Br)=N5)N6C=CC=N6)=O,CC(C)=CC1C(C(=O)Nc2ccc(-n3cccn3)c(Br)n2)C1(C)C,Mouse liver microsomal stability,MLM Clint(mic),=,161.0,uL/min/mg,1
25,GDI13-158,C/C(C)=C/[C@H]1[C@H](C(NC2=CC=C(N3C=CC(CCO)=N3)C(C(F)(F)F)=N2)=O)C1(C)C,CC(C)=CC1C(C(=O)Nc2ccc(-n3ccc(CCO)n3)c(C(F)(F)F)n2)C1(C)C,Mouse liver microsomal stability,MLM Clint(mic),=,152.0,uL/min/mg,1
26,GDI13-456-B,O=C([C@@H]1C(C)(C)[C@H]1C2=NC=C(C=N2)F)NC3=CC=C(C4=NN(C[C@H]5CCCO5)C=C4)C(C(F)(F)F)=N3,CC1(C)C(C(=O)Nc2ccc(-c3ccn(CC4CCCO4)n3)c(C(F)(F)F)n2)C1c1ncc(F)cn1,Mouse liver microsomal stability,MLM Clint(mic),=,151.4,uL/min/mg,1
27,BRD-K59731537-001-01-5,O=C([C@H](C1(C)C)[C@@H]1/C=C(C)\C)NC2=CC=C(N3CCOCC3)C(Br)=N2,CC(C)=CC1C(C(=O)Nc2ccc(N3CCOCC3)c(Br)n2)C1(C)C,Mouse liver microsomal stability,MLM Clint(mic),=,140.0,uL/min/mg,1
28,GDI13-039,CC1(C)[C@H]([C@@H]1C(NC(N=C2Br)=CC=C2C3=CC=NN3C)=O)/C=C(C)/C.CC4(C)[C@@H]([C@@H]4C(NC(N=C5Br)=CC=C5C6=CC=NN6C)=O)/C=C(C)/C,CC(C)=CC1C(C(=O)Nc2ccc(-c3ccnn3C)c(Br)n2)C1(C)C,Mouse liver microsomal stability,MLM Clint(mic),=,131.0,uL/min/mg,1
29,GDI13-060,BrC1=NC(NC([C@@H]2C(C)([C@H]2C3=C(C=CC=N3)C)C)=O)=CC=C1C4=CNN=C4.BrC5=NC(NC([C@@H]6C(C)([C@@H]6C7=C(C=CC=N7)C)C)=O)=CC=C5C8=CNN=C8,Cc1cccnc1C1C(C(=O)Nc2ccc(-c3cn[nH]c3)c(Br)n2)C1(C)C,Mouse liver microsomal stability,MLM Clint(mic),=,121.0,uL/min/mg,1
30,GDI13-071,CC1([C@H]([C@@H]1C2=C(C=C(C=N2)F)C)C(NC3=CC=C(C(Br)=N3)C4=NC(C)=NO4)=O)C.CC5([C@@H]([C@H]5C6=C(C=C(C=N6)F)C)C(NC7=CC=C(C(Br)=N7)C8=NC(C)=NO8)=O)C,Cc1noc(-c2ccc(NC(=O)C3C(c4ncc(F)cc4C)C3(C)C)nc2Br)n1,Mouse liver microsomal stability,MLM Clint(mic),=,120.0,uL/min/mg,1
31,GDI13-293,O=C(NC1=CC=C(OC(C)(C)C=C2F)C2=N1)[C@H](C3(C)C)[C@@H]3C4=CC=C(F)C=N4,CC1(C)C=C(F)c2nc(NC(=O)C3C(c4ccc(F)cn4)C3(C)C)ccc2O1,Mouse liver microsomal stability,MLM Clint(mic),=,118.0,uL/min/mg,1
32,GDI13-194,CC1(C)[C@@H](C(NC2=CC=C(C=CC=C3)C3=N2)=O)[C@@H]1C4=NC=C(F)C=C4.CC5(C)[C@H](C(NC6=CC=C(C=CC=C7)C7=N6)=O)[C@H]5C8=NC=C(F)C=C8,CC1(C)C(C(=O)Nc2ccc3ccccc3n2)C1c1ccc(F)cn1,Mouse liver microsomal stability,MLM Clint(mic),=,107.2,uL/min/mg,1
33,GDI13-104,C/C(C)=C/[C@H]1[C@H](C(NC2=CC=C(C3=NC(CCO)=NO3)C(Br)=N2)=O)C1(C)C.C/C(C)=C/[C@@H]4[C@@H](C(NC5=CC=C(C6=NC(CCO)=NO6)C(Br)=N5)=O)C4(C)C,CC(C)=CC1C(C(=O)Nc2ccc(-c3nc(CCO)no3)c(Br)n2)C1(C)C,Mouse liver microsomal stability,MLM Clint(mic),=,106.0,uL/min/mg,1
34,"S,S-GDI13-354",O=C(NC1=CC=C(C2=NN(CCOCC)C=C2)C(C(F)(F)F)=N1)[C@H](C3(C)C)[C@@H]3C4=NC=C(F)C=N4,CCOCCn1ccc(-c2ccc(NC(=O)C3C(c4ncc(F)cn4)C3(C)C)nc2C(F)(F)F)n1,Mouse liver microsomal stability,MLM Clint(mic),=,103.5,uL/min/mg,1
35,BRD-K73010396-001-01-6,O=C([C@H](C1(C)C)[C@@H]1/C=C(C)/C)NC2=CC=C(C3=NC(C)=NO3)C(Br)=N2,CC(C)=CC1C(C(=O)Nc2ccc(-c3nc(C)no3)c(Br)n2)C1(C)C,Mouse liver microsomal stability,MLM Clint(mic),=,102.0,uL/min/mg,1
36,BRD-K52159011-001-01-1,BrC1=NC(NC([C@]2([H])C(C)(C)[C@@]2([H])/C=C(C)\C)=O)=CC=C1,CC(C)=CC1C(C(=O)Nc2cccc(Br)n2)C1(C)C,Mouse liver microsomal stability,MLM Clint(mic),=,102.0,uL/min/mg,1
37,GDI13-241,O=C(NC1=CC=C(C=CC=C2F)C2=N1)[C@H](C3(C)C)[C@@H]3C4=CC=C(F)C=N4.O=C(NC5=CC=C(C=CC=C6F)C6=N5)[C@@H](C7(C)C)[C@H]7C8=CC=C(F)C=N8,CC1(C)C(C(=O)Nc2ccc3cccc(F)c3n2)C1c1ccc(F)cn1,Mouse liver microsomal stability,MLM Clint(mic),=,101.0,uL/min/mg,1
38,"S,S-GDI13-331",O=C([C@@H]([C@@H]1C2=NC=C(C=N2)F)C1(C)C)NC3=CC=C(C4=NC(COCC)=NO4)C(C(F)(F)F)=N3,CCOCc1noc(-c2ccc(NC(=O)C3C(c4ncc(F)cn4)C3(C)C)nc2C(F)(F)F)n1,Mouse liver microsomal stability,MLM Clint(mic),=,101.0,uL/min/mg,1
39,GDI13-367,O=C(NC1=CC=C(C=C(OCC)C=C2F)C2=N1)[C@H](C3(C)C)[C@@H]3C4=NC=C(F)C=C4,CCOc1cc(F)c2nc(NC(=O)C3C(c4ccc(F)cn4)C3(C)C)ccc2c1,Mouse liver microsomal stability,MLM Clint(mic),=,98.0,uL/min/mg,1
40,GDI13-376,O=C(NC1=CC=C(C)C(C(F)(F)F)=N1)[C@H](C2(C)C)[C@@H]2C3=NC=C(F)C=C3,Cc1ccc(NC(=O)C2C(c3ccc(F)cn3)C2(C)C)nc1C(F)(F)F,Mouse liver microsomal stability,MLM Clint(mic),=,94.0,uL/min/mg,1
41,GDI13-084,O=C(NC1=CC=C(C([N+]([O-])=O)=N1)C2=NN(C=C2)CCO)[C@@H]3C(C)([C@H]3/C=C(C)\C)C.O=C(NC4=CC=C(C([N+]([O-])=O)=N4)C5=NN(C=C5)CCO)[C@H]6C(C)([C@@H]6/C=C(C)\C)C,CC(C)=CC1C(C(=O)Nc2ccc(-c3ccn(CCO)n3)c([N+](=O)[O-])n2)C1(C)C,Mouse liver microsomal stability,MLM Clint(mic),=,83.0,uL/min/mg,1
42,GDI13-028,O=C(NC1=CC=C(C(Br)=N1)C2=NNC=C2)[C@@H]3C([C@H]3/C=C(C)\C)(C)C.O=C(NC4=CC=C(C(Br)=N4)C5=NNC=C5)[C@@H]6C([C@@H]6/C=C(C)\C)(C)C,CC(C)=CC1C(C(=O)Nc2ccc(-c3cc[nH]n3)c(Br)n2)C1(C)C,Mouse liver microsomal stability,MLM Clint(mic),=,82.0,uL/min/mg,1
43,GDI13-418,O=C([C@@H]([C@@H]1C2=NC=C(C=N2)F)C1(C)C)NC3=CC=C(C4=NN(CC5(OC)CC5)C=C4)C(C(F)(F)F)=N3,COC1(Cn2ccc(-c3ccc(NC(=O)C4C(c5ncc(F)cn5)C4(C)C)nc3C(F)(F)F)n2)CC1,Mouse liver microsomal stability,MLM Clint(mic),=,80.3,uL/min/mg,1
44,GDI13-097,CC1([C@@H](C2=C(C=C(C=N2)F)C)[C@@H]1C(NC3=CC=C(C(Br)=N3)C4=NN(C=C4)CCO)=O)C.CC5([C@H](C6=C(C=C(C=N6)F)C)[C@H]5C(NC7=CC=C(C(Br)=N7)C8=NN(C=C8)CCO)=O)C,Cc1cc(F)cnc1C1C(C(=O)Nc2ccc(-c3ccn(CCO)n3)c(Br)n2)C1(C)C,Mouse liver microsomal stability,MLM Clint(mic),=,79.0,uL/min/mg,1
45,GDI13-283,O=C(NC1=CC=C(C=C(COC)C=C2F)C2=N1)[C@H](C3(C)C)[C@@H]3C4=CC=C(F)C=N4.O=C(NC5=CC=C(C=C(COC)C=C6F)C6=N5)[C@@H](C7(C)C)[C@H]7C8=CC=C(F)C=N8,COCc1cc(F)c2nc(NC(=O)C3C(c4ccc(F)cn4)C3(C)C)ccc2c1,Mouse liver microsomal stability,MLM Clint(mic),=,78.0,uL/min/mg,1
46,GDI13-040,O=C(NC1=CC=C(C(Br)=N1)C2=CN(N=C2)C)[C@@H]3C(C)([C@H]3/C=C(C)\C)C.O=C(NC4=CC=C(C(Br)=N4)C5=CN(N=C5)C)[C@H]6C(C)([C@@H]6/C=C(C)\C)C,CC(C)=CC1C(C(=O)Nc2ccc(-c3cnn(C)c3)c(Br)n2)C1(C)C,Mouse liver microsomal stability,MLM Clint(mic),=,76.0,uL/min/mg,1
47,GDI13-156A,CC1([C@H]([C@@H]1C2=CC=C(C=N2)F)C(NC3=CC=C(C(Br)=N3)N4N=CC=C4)=O)C,CC1(C)C(C(=O)Nc2ccc(-n3cccn3)c(Br)n2)C1c1ccc(F)cn1,Mouse liver microsomal stability,MLM Clint(mic),=,74.1,uL/min/mg,1
48,GDI13-416,O=C([C@@H]([C@@H]1C2=NC=C(C=N2)F)C1(C)C)NC3=CC=C(C4=NN(CC5COC5)C=C4)C(C(F)(F)F)=N3,CC1(C)C(C(=O)Nc2ccc(-c3ccn(CC4COC4)n3)c(C(F)(F)F)n2)C1c1ncc(F)cn1,Mouse liver microsomal stability,MLM Clint(mic),=,70.6,uL/min/mg,1
49,GDI13-042,O=C(NC1=CC=C(C(Br)=N1)N2CC3(C2)COC3)[C@@H]4C([C@H]4/C=C(C)\C)(C)C.O=C(NC5=CC=C(C(Br)=N5)N6CC7(C6)COC7)[C@@H]8C([C@@H]8/C=C(C)\C)(C)C,CC(C)=CC1C(C(=O)Nc2ccc(N3CC4(COC4)C3)c(Br)n2)C1(C)C,Mouse liver microsomal stability,MLM Clint(mic),=,70.0,uL/min/mg,1
50,GDI13-083,O=C(NC1=CC=C(C(C(F)(F)F)=N1)C2=NN(C=C2)CCO)[C@@H]3C(C)([C@H]3/C=C(C)\C)C.O=C(NC4=CC=C(C(C(F)(F)F)=N4)C5=NN(C=C5)CCO)[C@H]6C(C)([C@@H]6/C=C(C)\C)C,CC(C)=CC1C(C(=O)Nc2ccc(-c3ccn(CCO)n3)c(C(F)(F)F)n2)C1(C)C,Mouse liver microsomal stability,MLM Clint(mic),=,69.0,uL/min/mg,1
51,GDI13-219,O=C(NC1=CC=C(C2=NN(CCOC)C=C2)C(Br)=N1)[C@H](C3(C)C)[C@@H]3C4=NC=C(F)C=C4.O=C(NC5=CC=C(C6=NN(CCOC)C=C6)C(Br)=N5)[C@@H](C7(C)C)[C@H]7C8=NC=C(F)C=C8,COCCn1ccc(-c2ccc(NC(=O)C3C(c4ccc(F)cn4)C3(C)C)nc2Br)n1,Mouse liver microsomal stability,MLM Clint(mic),=,69.0,uL/min/mg,1
52,GDI13-029,O=C(NC1=CC=C(C(Br)=N1)C2=NN(C=C2)CCO)[C@@H]3C([C@H]3/C=C(C)\C)(C)C.O=C(NC4=CC=C(C(Br)=N4)C5=NN(C=C5)CCO)[C@@H]6C([C@@H]6/C=C(C)\C)(C)C,CC(C)=CC1C(C(=O)Nc2ccc(-c3ccn(CCO)n3)c(Br)n2)C1(C)C,Mouse liver microsomal stability,MLM Clint(mic),=,67.0,uL/min/mg,1
53,GDI13-484A,O=C(NC1=CC=C(N2C=CC=N2)C(C(F)(F)F)=N1)[C@H](C3(C)C)[C@@H]3C4=NC(C)=C(F)C=N4,Cc1nc(C2C(C(=O)Nc3ccc(-n4cccn4)c(C(F)(F)F)n3)C2(C)C)ncc1F,Mouse liver microsomal stability,MLM Clint(mic),=,58.0,uL/min/mg,1
54,GDI13-558,O=C(NC1=CC=C(N2N=CC(CN3CCOCC3)=C2)C(C(F)(F)F)=N1)[C@H](C4(C)C)[C@@H]4C5=NC=C(F)C=N5,CC1(C)C(C(=O)Nc2ccc(-n3cc(CN4CCOCC4)cn3)c(C(F)(F)F)n2)C1c1ncc(F)cn1,Mouse liver microsomal stability,MLM Clint(mic),=,58.0,uL/min/mg,1
55,"S,S-GDI13-345",O=C(NC1=CC=C(C=C(OCC)C=C2F)C2=N1)[C@H](C3(C)C)[C@@H]3C4=NC=C(F)C=N4,CCOc1cc(F)c2nc(NC(=O)C3C(c4ncc(F)cn4)C3(C)C)ccc2c1,Mouse liver microsomal stability,MLM Clint(mic),=,52.2,uL/min/mg,1
56,GDI13-366,O=C(NC1=CC=C(C=C(OCCOC)C=C2F)C2=N1)[C@H](C3(C)C)[C@@H]3C4=NC=C(F)C=C4,COCCOc1cc(F)c2nc(NC(=O)C3C(c4ccc(F)cn4)C3(C)C)ccc2c1,Mouse liver microsomal stability,MLM Clint(mic),=,52.0,uL/min/mg,1
57,GDI13-321,O=C(NC1=CC=C(C2=NN(CCOC)C=C2)C(C(F)(F)F)=N1)[C@H](C3(C)C)[C@@H]3C4=NC=C(F)C=N4.O=C(NC5=CC=C(C6=NN(CCOC)C=C6)C(C(F)(F)F)=N5)[C@@H](C7(C)C)[C@H]7C8=NC=C(F)C=N8,COCCn1ccc(-c2ccc(NC(=O)C3C(c4ncc(F)cn4)C3(C)C)nc2C(F)(F)F)n1,Mouse liver microsomal stability,MLM Clint(mic),=,51.8,uL/min/mg,1
58,GDI13-499,O=C(NC1=CC=C(C)C(C(F)(F)F)=N1)[C@H](C2(C)C)[C@@H]2C3=NC=C(Cl)C=N3,Cc1ccc(NC(=O)C2C(c3ncc(Cl)cn3)C2(C)C)nc1C(F)(F)F,Mouse liver microsomal stability,MLM Clint(mic),=,50.8,uL/min/mg,1
59,GDI13-157,CC1([C@H]([C@@H]1C2=CC=C(C=N2)F)C(NC3=CC=C(C(C(F)(F)F)=N3)N4N=CC=C4)=O)C.CC5([C@@H]([C@H]5C6=CC=C(C=N6)F)C(NC7=CC=C(C(C(F)(F)F)=N7)N8N=CC=C8)=O)C,CC1(C)C(C(=O)Nc2ccc(-n3cccn3)c(C(F)(F)F)n2)C1c1ccc(F)cn1,Mouse liver microsomal stability,MLM Clint(mic),=,49.4,uL/min/mg,1
60,"S,S-GDI13-341",O=C(NC1=CC=C(C2CC2)C(C(F)(F)F)=N1)[C@H](C3(C)C)[C@@H]3C4=NC=C(F)C=N4,CC1(C)C(C(=O)Nc2ccc(C3CC3)c(C(F)(F)F)n2)C1c1ncc(F)cn1,Mouse liver microsomal stability,MLM Clint(mic),=,48.0,uL/min/mg,1
61,"S,S-GDI13-323",O=C(NC1=CC=C(C=CC=C2F)C2=N1)[C@H](C3(C)C)[C@@H]3C4=NC=C(F)C=N4,CC1(C)C(C(=O)Nc2ccc3cccc(F)c3n2)C1c1ncc(F)cn1,Mouse liver microsomal stability,MLM Clint(mic),=,45.0,uL/min/mg,1
62,GDI13-377,O=C(NC1=CC=C(C)C(C(F)(F)F)=N1)[C@H](C2(C)C)[C@@H]2C3=NC=C(F)C=N3,Cc1ccc(NC(=O)C2C(c3ncc(F)cn3)C2(C)C)nc1C(F)(F)F,Mouse liver microsomal stability,MLM Clint(mic),=,44.0,uL/min/mg,1
63,GDI13-243,O=C(NC1=CC=C(C2=NC(C)=NO2)C(C(F)(F)F)=N1)[C@H](C3(C)C)[C@@H]3C4=NC=C(F)C=C4.O=C(NC5=CC=C(C6=NC(C)=NO6)C(C(F)(F)F)=N5)[C@@H](C7(C)C)[C@H]7C8=NC=C(F)C=C8,Cc1noc(-c2ccc(NC(=O)C3C(c4ccc(F)cn4)C3(C)C)nc2C(F)(F)F)n1,Mouse liver microsomal stability,MLM Clint(mic),=,41.0,uL/min/mg,1
64,GDI13-548,O=C([C@@H]([C@@H]1C2=NC=C(C=N2)F)C1(C)C)NC3=CC=C(C=C(OC)C=C4F)C4=N3,COc1cc(F)c2nc(NC(=O)C3C(c4ncc(F)cn4)C3(C)C)ccc2c1,Mouse liver microsomal stability,MLM Clint(mic),=,39.0,uL/min/mg,1
65,GDI13-088A,CC1(C)[C@H](C(NC2=CC=C(C3=NC(C)=NO3)C(Br)=N2)=O)[C@H]1C4=C(Cl)C=CC=C4,Cc1noc(-c2ccc(NC(=O)C3C(c4ccccc4Cl)C3(C)C)nc2Br)n1,Mouse liver microsomal stability,MLM Clint(mic),=,34.0,uL/min/mg,1
66,BRD-K91811900-001-01-4,BrC1=NC(NC([C@H]2[C@H](C3=CC=CC=C3)C2(C)C)=O)=CC=C1C4=NC(C)=NO4,Cc1noc(-c2ccc(NC(=O)C3C(c4ccccc4)C3(C)C)nc2Br)n1,Mouse liver microsomal stability,MLM Clint(mic),=,33.0,uL/min/mg,1
67,GDI13-177,CC1(C)[C@H]([C@@H]1C(NC2=CC=C(N3C=CC=N3)C(Br)=N2)=O)C4=NC=C(F)C=C4F.CC5(C)[C@@H]([C@H]5C(NC6=CC=C(N7C=CC=N7)C(Br)=N6)=O)C8=NC=C(F)C=C8F,CC1(C)C(C(=O)Nc2ccc(-n3cccn3)c(Br)n2)C1c1ncc(F)cc1F,Mouse liver microsomal stability,MLM Clint(mic),=,33.0,uL/min/mg,1
68,"S,S-GDI13-344",O=C([C@@H]([C@@H]1C2=NC=C(C=N2)F)C1(C)C)NC3=CC=C(C4=N3)OC(C)(C)C=C4F,CC1(C)C=C(F)c2nc(NC(=O)C3C(c4ncc(F)cn4)C3(C)C)ccc2O1,Mouse liver microsomal stability,MLM Clint(mic),=,33.0,uL/min/mg,1
69,GDI13-179,CC1(C)[C@H]([C@@H]1C(NC2=CC=C(C3=NN(CCO)C=C3)C(Br)=N2)=O)C4=NC=C(F)C=C4F.CC5(C)[C@@H]([C@H]5C(NC6=CC=C(C7=NN(CCO)C=C7)C(Br)=N6)=O)C8=NC=C(F)C=C8F,CC1(C)C(C(=O)Nc2ccc(-c3ccn(CCO)n3)c(Br)n2)C1c1ncc(F)cc1F,Mouse liver microsomal stability,MLM Clint(mic),=,31.0,uL/min/mg,1
70,GDI13-417,O=C([C@@H]([C@@H]1C2=NC=C(C=N2)F)C1(C)C)NC3=CC=C(C4=NN(CC5(O)CC5)C=C4)C(C(F)(F)F)=N3,CC1(C)C(C(=O)Nc2ccc(-c3ccn(CC4(O)CC4)n3)c(C(F)(F)F)n2)C1c1ncc(F)cn1,Mouse liver microsomal stability,MLM Clint(mic),=,31.0,uL/min/mg,1
71,GDI13-565,O=C(NC1=CC=C(N2N=CC(CN3CCCC3)=C2)C(C(F)(F)F)=N1)[C@H](C4(C)C)[C@@H]4C5=NC=C(Cl)C=N5,CC1(C)C(C(=O)Nc2ccc(-n3cc(CN4CCCC4)cn3)c(C(F)(F)F)n2)C1c1ncc(Cl)cn1,Mouse liver microsomal stability,MLM Clint(mic),=,29.9,uL/min/mg,0
72,GDI13-375,O=C([C@@H]([C@@H]1C2=CC=C(C=N2)F)C1(C)C)NC3=CC=C(F)C(C(F)(F)F)=N3,CC1(C)C(C(=O)Nc2ccc(F)c(C(F)(F)F)n2)C1c1ccc(F)cn1,Mouse liver microsomal stability,MLM Clint(mic),=,27.0,uL/min/mg,0
73,GDI13-204,O=C(NC1=CC=C(C2=NN(CCO)C=C2)C(C(F)(F)F)=N1)[C@H](C3(C)C)[C@@H]3C4=NC=C(F)C=C4.O=C(NC5=CC=C(C6=NN(CCO)C=C6)C(C(F)(F)F)=N5)[C@@H](C7(C)C)[C@H]7C8=NC=C(F)C=C8,CC1(C)C(C(=O)Nc2ccc(-c3ccn(CCO)n3)c(C(F)(F)F)n2)C1c1ccc(F)cn1,Mouse liver microsomal stability,MLM Clint(mic),=,26.6,uL/min/mg,0
74,GDI13-464,O=C([C@@H]([C@@H]1C2=NC=C(C=N2)F)C1(C)C)NC3=CC=C(C4=NN(CC5CC5)C=C4)C(C(F)F)=N3,CC1(C)C(C(=O)Nc2ccc(-c3ccn(CC4CC4)n3)c(C(F)F)n2)C1c1ncc(F)cn1,Mouse liver microsomal stability,MLM Clint(mic),=,25.8,uL/min/mg,0
75,GDI13-096,O=C(NC1=CC=C(C(Br)=N1)C2=NC(C)=NO2)[C@@H]3C(C)([C@H]3C4=C(C=CC=N4)Cl)C.O=C(NC5=CC=C(C(Br)=N5)C6=NC(C)=NO6)[C@H]7C(C)([C@@H]7C8=C(C=CC=N8)Cl)C,Cc1noc(-c2ccc(NC(=O)C3C(c4ncccc4Cl)C3(C)C)nc2Br)n1,Mouse liver microsomal stability,MLM Clint(mic),=,25.0,uL/min/mg,0
76,"S,S-GDI13-350",O=C(NC1=CC=C(C2=NN(CC3CC3)C=C2)C(C(F)(F)F)=N1)[C@H](C4(C)C)[C@@H]4C5=NC=C(F)C=N5,CC1(C)C(C(=O)Nc2ccc(-c3ccn(CC4CC4)n3)c(C(F)(F)F)n2)C1c1ncc(F)cn1,Mouse liver microsomal stability,MLM Clint(mic),=,23.4,uL/min/mg,0
77,GDI13-074,BrC1=NC(NC([C@H]2[C@H](C3=C(C=CC=N3)F)C2(C)C)=O)=CC=C1C4=NC(C)=NO4.BrC5=NC(NC([C@@H]6[C@@H](C7=C(C=CC=N7)F)C6(C)C)=O)=CC=C5C8=NC(C)=NO8,Cc1noc(-c2ccc(NC(=O)C3C(c4ncccc4F)C3(C)C)nc2Br)n1,Mouse liver microsomal stability,MLM Clint(mic),=,23.0,uL/min/mg,0
78,GDI13-113,O=C(NC1=CC=C(C(Br)=N1)C2=NN(C=C2)CCO)[C@@H]3C(C)([C@H]3C4=CC=C(F)C=N4)C.O=C(NC5=CC=C(C(Br)=N5)C6=NN(C=C6)CCO)[C@H]7C(C)([C@@H]7C8=CC=C(F)C=N8)C,CC1(C)C(C(=O)Nc2ccc(-c3ccn(CCO)n3)c(Br)n2)C1c1ccc(F)cn1,Mouse liver microsomal stability,MLM Clint(mic),=,23.0,uL/min/mg,0
79,GDI13-498,O=C(NC1=CC=C(C2=NC(C)=NO2)C(C(F)F)=N1)[C@H](C3(C)C)[C@@H]3C4=NC=C(Cl)C=N4,Cc1noc(-c2ccc(NC(=O)C3C(c4ncc(Cl)cn4)C3(C)C)nc2C(F)F)n1,Mouse liver microsomal stability,MLM Clint(mic),=,21.4,uL/min/mg,0
80,GDI13-381A,O=C(NC1=CC=C(N2C=CC=N2)C(C(F)(F)F)=N1)[C@H](C3(C)C)[C@@H]3C4=NC=C(Cl)C=C4F,CC1(C)C(C(=O)Nc2ccc(-n3cccn3)c(C(F)(F)F)n2)C1c1ncc(Cl)cc1F,Mouse liver microsomal stability,MLM Clint(mic),=,21.0,uL/min/mg,0
81,GDI13-557,O=C(NC1=CC=C(N2N=CC(CN3CCCC3)=C2)C(C(F)(F)F)=N1)[C@H](C4(C)C)[C@@H]4C5=NC=C(F)C=N5,CC1(C)C(C(=O)Nc2ccc(-n3cc(CN4CCCC4)cn3)c(C(F)(F)F)n2)C1c1ncc(F)cn1,Mouse liver microsomal stability,MLM Clint(mic),=,20.7,uL/min/mg,0
82,BRD-K80081784-001-01-8,BrC1=NC(NC([C@H]2[C@H](C3=CC=C(C=C3)C(F)(F)F)C2(C)C)=O)=CC=C1C4=NC(C)=NO4.BrC5=NC(NC([C@@H]6[C@@H](C7=CC=C(C=C7)C(F)(F)F)C6(C)C)=O)=CC=C5C8=NC(C)=NO8,Cc1noc(-c2ccc(NC(=O)C3C(c4ccc(C(F)(F)F)cc4)C3(C)C)nc2Br)n1,Mouse liver microsomal stability,MLM Clint(mic),=,20.0,uL/min/mg,0
83,GDI13-384,O=C(NC1=CC=C(C=C(Cl)C=C2F)C2=N1)[C@H](C3(C)C)[C@@H]3C4=CC=C(F)C=N4,CC1(C)C(C(=O)Nc2ccc3cc(Cl)cc(F)c3n2)C1c1ccc(F)cn1,Mouse liver microsomal stability,MLM Clint(mic),=,20.0,uL/min/mg,0
84,GDI13-564,CC([C@H]1C(NC(N=C2C(F)(F)F)=CC=C2N3N=CC=N3)=O)([C@H]1C4=NC=C(Cl)C=N4)C,CC1(C)C(C(=O)Nc2ccc(-n3nccn3)c(C(F)(F)F)n2)C1c1ncc(Cl)cn1,Mouse liver microsomal stability,MLM Clint(mic),=,19.4,uL/min/mg,0
85,GDI13-114,CC1([C@H]([C@@H]1C2=CC=C(C=N2)F)C(NC3=CC=C(C([N+]([O-])=O)=N3)C4=NN(C=C4)CCO)=O)C.CC5([C@@H]([C@H]5C6=CC=C(C=N6)F)C(NC7=CC=C(C([N+]([O-])=O)=N7)C8=NN(C=C8)CCO)=O)C,CC1(C)C(C(=O)Nc2ccc(-c3ccn(CCO)n3)c([N+](=O)[O-])n2)C1c1ccc(F)cn1,Mouse liver microsomal stability,MLM Clint(mic),=,19.1,uL/min/mg,0
86,GDI13-260,O=C(NC1=CC=C(C2=NN(CCO)C=C2)C(C)=N1)[C@H](C3(C)C)[C@@H]3C4=CC=C(F)C=N4.O=C(NC5=CC=C(C6=NN(CCO)C=C6)C(C)=N5)[C@@H](C7(C)C)[C@H]7C8=CC=C(F)C=N8,Cc1nc(NC(=O)C2C(c3ccc(F)cn3)C2(C)C)ccc1-c1ccn(CCO)n1,Mouse liver microsomal stability,MLM Clint(mic),=,15.3,uL/min/mg,0
87,GDI13-554,O=C(NC1=CC=C(C=C(OCCN2CCOCC2)C=C3F)C3=N1)[C@H](C4(C)C)[C@@H]4C5=NC=C(F)C=N5,CC1(C)C(C(=O)Nc2ccc3cc(OCCN4CCOCC4)cc(F)c3n2)C1c1ncc(F)cn1,Mouse liver microsomal stability,MLM Clint(mic),=,15.0,uL/min/mg,0
88,GDI13-433A,O=C(NC1=CC=C(N2C=CC=N2)C(C(F)(F)F)=N1)[C@H](C3(C)C)[C@@H]3C4=NC=C(Cl)C=N4,CC1(C)C(C(=O)Nc2ccc(-n3cccn3)c(C(F)(F)F)n2)C1c1ncc(Cl)cn1,Mouse liver microsomal stability,MLM Clint(mic),=,14.9,uL/min/mg,0
89,GDI13-320,O=C(NC1=CC=C(N2N=CC=C2)C(C(F)(F)F)=N1)[C@H](C3(C)C)[C@@H]3C4=NC=C(F)C=N4.O=C(NC5=CC=C(N6N=CC=C6)C(C(F)(F)F)=N5)[C@@H](C7(C)C)[C@H]7C8=NC=C(F)C=N8,CC1(C)C(C(=O)Nc2ccc(-n3cccn3)c(C(F)(F)F)n2)C1c1ncc(F)cn1,Mouse liver microsomal stability,MLM Clint(mic),=,14.3,uL/min/mg,0
90,GDI13-489,O=C(NC1=CC=C(C=C(OC[C@@H]2C[C@H](O)C2)C=C3F)C3=N1)[C@H](C4(C)C)[C@@H]4C5=NC=C(F)C=N5,CC1(C)C(C(=O)Nc2ccc3cc(OCC4CC(O)C4)cc(F)c3n2)C1c1ncc(F)cn1,Mouse liver microsomal stability,MLM Clint(mic),=,14.3,uL/min/mg,0
91,GDI13-482,CC1(C)[C@@H](C(NC2=CC=C(N3C=CC=N3)C(C(F)F)=N2)=O)[C@@H]1C4=NC=C(Cl)C=N4,CC1(C)C(C(=O)Nc2ccc(-n3cccn3)c(C(F)F)n2)C1c1ncc(Cl)cn1,Mouse liver microsomal stability,MLM Clint(mic),=,13.2,uL/min/mg,0
92,"S,S-GDI13-332",O=C([C@@H]([C@@H]1C2=NC=C(C=N2)F)C1(C)C)NC3=CC=C(C4=NC(C)=NO4)C(C(F)(F)F)=N3,Cc1noc(-c2ccc(NC(=O)C3C(c4ncc(F)cn4)C3(C)C)nc2C(F)(F)F)n1,Mouse liver microsomal stability,MLM Clint(mic),=,13.1,uL/min/mg,0
93,GDI13-486B,O=C(NC1=CC=C(N2C=CC=N2)C(C(F)(F)F)=N1)[C@@H](C3(C)C)[C@H]3C4=NC=C(OCC)C=N4,CCOc1cnc(C2C(C(=O)Nc3ccc(-n4cccn4)c(C(F)(F)F)n3)C2(C)C)nc1,Mouse liver microsomal stability,MLM Clint(mic),=,11.5,uL/min/mg,0
94,GDI13-514,O=C(NC1=CC=C(N2C=CC=N2)C(Br)=N1)[C@H](C3(C)C)[C@@H]3C4=NC=C(Cl)C=N4,CC1(C)C(C(=O)Nc2ccc(-n3cccn3)c(Br)n2)C1c1ncc(Cl)cn1,Mouse liver microsomal stability,MLM Clint(mic),=,11.3,uL/min/mg,0
95,GDI13-205,O=C(NC1=CC=C(C2=NN(CCO)C=C2)C([H])=N1)[C@H](C3(C)C)[C@@H]3C4=NC=C(F)C=C4.O=C(NC5=CC=C(C6=NN(CCO)C=C6)C([H])=N5)[C@@H](C7(C)C)[C@H]7C8=NC=C(F)C=C8,CC1(C)C(C(=O)Nc2ccc(-c3ccn(CCO)n3)cn2)C1c1ccc(F)cn1,Mouse liver microsomal stability,MLM Clint(mic),=,11.1,uL/min/mg,0
96,GDI13-227,BrC1=NC(NC([C@@H]2C(C)(C)[C@H]2C3=NC=C(F)C=N3)=O)=CC=C1N4C=CC=N4.BrC5=NC(NC([C@H]6C(C)(C)[C@@H]6C7=NC=C(F)C=N7)=O)=CC=C5N8C=CC=N8,CC1(C)C(C(=O)Nc2ccc(-n3cccn3)c(Br)n2)C1c1ncc(F)cn1,Mouse liver microsomal stability,MLM Clint(mic),=,11.0,uL/min/mg,0
97,GDI13-515,O=C(NC1=CC=C(C=C(N2CC(O)C2)C=C3F)C3=N1)[C@H](C4(C)C)[C@@H]4C5=NC=C(F)C=N5,CC1(C)C(C(=O)Nc2ccc3cc(N4CC(O)C4)cc(F)c3n2)C1c1ncc(F)cn1,Mouse liver microsomal stability,MLM Clint(mic),=,10.4,uL/min/mg,0
98,BRD-K85203025-001-01-2,BrC1=NC(NC([C@H]2[C@@H](C2(C)C)C3=CC=C(Cl)C=C3)=O)=CC=C1C4=NC(C)=NO4,Cc1noc(-c2ccc(NC(=O)C3C(c4ccc(Cl)cc4)C3(C)C)nc2Br)n1,Mouse liver microsomal stability,MLM Clint(mic),<,9.6,uL/min/mg,0
99,BRD-K06975029-001-01-7,BrC1=NC(NC([C@H]2[C@@H](C2(C)C)C3=C(F)C=C(F)C=C3)=O)=CC=C1C4=NC(C)=NO4,Cc1noc(-c2ccc(NC(=O)C3C(c4ccc(F)cc4F)C3(C)C)nc2Br)n1,Mouse liver microsomal stability,MLM Clint(mic),<,9.6,uL/min/mg,0
100,"S,S-GDI13-342",O=C(NC1=CC=C(C=C(OCCO)C=C2F)C2=N1)[C@H](C3(C)C)[C@@H]3C4=NC=C(F)C=N4,CC1(C)C(C(=O)Nc2ccc3cc(OCCO)cc(F)c3n2)C1c1ncc(F)cn1,Mouse liver microsomal stability,MLM Clint(mic),<,9.6,uL/min/mg,0
101,"S,S-GDI13-355",O=C(NC1=CC=C(N2C=CC=N2)C(C(F)F)=N1)[C@H](C3(C)C)[C@@H]3C4=NC=C(F)C=N4,CC1(C)C(C(=O)Nc2ccc(-n3cccn3)c(C(F)F)n2)C1c1ncc(F)cn1,Mouse liver microsomal stability,MLM Clint(mic),<,9.6,uL/min/mg,0
102,GDI13-385,O=C(NC1=CC=C(C=C(Cl)C=C2F)C2=N1)[C@H](C3(C)C)[C@@H]3C4=NC=C(F)C=N4,CC1(C)C(C(=O)Nc2ccc3cc(Cl)cc(F)c3n2)C1c1ncc(F)cn1,Mouse liver microsomal stability,MLM Clint(mic),<,9.6,uL/min/mg,0
103,GDI13-487,O=C(NC1=CC=C(N2C=CC=N2)C(C(F)(F)F)=N1)[C@H](C3(C)C)[C@@H]3C4=NC=C(C5CC5)C=N4,CC1(C)C(C(=O)Nc2ccc(-n3cccn3)c(C(F)(F)F)n2)C1c1ncc(C2CC2)cn1,Mouse liver microsomal stability,MLM Clint(mic),=,9.5,uL/min/mg,0
104,GDI13-465,O=C([C@@H]([C@@H]1C2=NC=C(C=N2)F)C1(C)C)NC3=CC=C(C4=NC(C)=NO4)C(C(F)F)=N3,Cc1noc(-c2ccc(NC(=O)C3C(c4ncc(F)cn4)C3(C)C)nc2C(F)F)n1,Mouse liver microsomal stability,MLM Clint(mic),=,9.4,uL/min/mg,0
105,GDI13-449,O=C([C@@H]([C@@H]1C2=NC=C(C=N2)F)C1(C)C)NC3=CC=C(C=C(OC4CC(O)C4)C=C5F)C5=N3,CC1(C)C(C(=O)Nc2ccc3cc(OC4CC(O)C4)cc(F)c3n2)C1c1ncc(F)cn1,Mouse liver microsomal stability,MLM Clint(mic),=,8.3,uL/min/mg,0
106,GDI13-563,CC([C@H]1C(NC(N=C2C(F)(F)F)=CC=C2N3N=CC=N3)=O)([C@H]1C4=NC=C(F)C=N4)C,CC1(C)C(C(=O)Nc2ccc(-n3nccn3)c(C(F)(F)F)n2)C1c1ncc(F)cn1,Mouse liver microsomal stability,MLM Clint(mic),=,8.1,uL/min/mg,0
107,GDI13-506,O=C(NC1=CC=C(N2C=CC=N2)C([N+]([O-])=O)=N1)[C@H](C3(C)C)[C@@H]3C4=NC=C(Cl)C=N4,CC1(C)C(C(=O)Nc2ccc(-n3cccn3)c([N+](=O)[O-])n2)C1c1ncc(Cl)cn1,Mouse liver microsomal stability,MLM Clint(mic),=,7.4,uL/min/mg,0
108,GDI13-555,O=C(NC1=CC=C(C=C(OCCO)C=C2F)C2=N1)[C@H](C3(C)C)[C@@H]3C4=NC=C(C(F)(F)F)C=N4,CC1(C)C(C(=O)Nc2ccc3cc(OCCO)cc(F)c3n2)C1c1ncc(C(F)(F)F)cn1,Mouse liver microsomal stability,MLM Clint(mic),=,7.1,uL/min/mg,0
109,GDI13-561,O=C(NC1=CC=C(N2N=CC(OCCN3CCCC3)=C2)C(C(F)(F)F)=N1)[C@H](C4(C)C)[C@@H]4C5=NC=C(F)C=N5,CC1(C)C(C(=O)Nc2ccc(-n3cc(OCCN4CCCC4)cn3)c(C(F)(F)F)n2)C1c1ncc(F)cn1,Mouse liver microsomal stability,MLM Clint(mic),=,6.5,uL/min/mg,0
110,GDI13-429A,O=C([C@@H]([C@@H]1C2=NC=C(C=N2)C#N)C1(C)C)NC3=CC=C(N4C=CC=N4)C(C(F)(F)F)=N3,CC1(C)C(C(=O)Nc2ccc(-n3cccn3)c(C(F)(F)F)n2)C1c1ncc(C#N)cn1,Mouse liver microsomal stability,MLM Clint(mic),<,4.8,uL/min/mg,0
111,GDI13-425,O=C([C@@H]([C@@H]1C2=NC=C(C=N2)F)C1(C)C)NC3=CC=C(C=C(C#N)C=C4F)C4=N3,CC1(C)C(C(=O)Nc2ccc3cc(C#N)cc(F)c3n2)C1c1ncc(F)cn1,Mouse liver microsomal stability,MLM Clint(mic),<,4.8,uL/min/mg,0
112,GDI13-505,O=C(NC1=CC=C(N2C=CC=N2)C(C#N)=N1)[C@H](C3(C)C)[C@@H]3C4=NC=C(Cl)C=N4,CC1(C)C(C(=O)Nc2ccc(-n3cccn3)c(C#N)n2)C1c1ncc(Cl)cn1,Mouse liver microsomal stability,MLM Clint(mic),<,4.8,uL/min/mg,0
113,GDI13-562,O=C(NC1=CC=C(N2N=CC(OCCN)=C2)C(C(F)(F)F)=N1)[C@H](C3(C)C)[C@@H]3C4=NC=C(F)C=N4,CC1(C)C(C(=O)Nc2ccc(-n3cc(OCCN)cn3)c(C(F)(F)F)n2)C1c1ncc(F)cn1,Mouse liver microsomal stability,MLM Clint(mic),<,4.8,uL/min/mg,0
114,GDI13-569,O=C(NC1=CC=C(N2C=CC=N2)C(C(F)F)=N1)[C@H](C3(C)C)[C@@H]3C4=NC=C(C(F)(F)F)C=N4,CC1(C)C(C(=O)Nc2ccc(-n3cccn3)c(C(F)F)n2)C1c1ncc(C(F)(F)F)cn1,Mouse liver microsomal stability,MLM Clint(mic),<,4.8,uL/min/mg,0
115,GDI13-570,O=C(NC1=CC=C(N2C=CC=N2)C(C#N)=N1)[C@H](C3(C)C)[C@@H]3C4=NC=C(C(F)(F)F)C=N4,CC1(C)C(C(=O)Nc2ccc(-n3cccn3)c(C#N)n2)C1c1ncc(C(F)(F)F)cn1,Mouse liver microsomal stability,MLM Clint(mic),<,4.8,uL/min/mg,0
